old_clause_number,new_clause_number,predicted_change_type,similarity,method,old_text,new_text,gold_change_type,notes
0.5,0.5,unchanged,1.0,exact_number+difflib,Guidance on matters that refer to more than one section of this document can be found in the following appendices.,Guidance on matters that refer to more than one section of this document can be found in the following appendices.,,
0.6,0.6,unchanged,1.0,exact_number+difflib,"The Building Regulations do not impose any requirements on the management of a building, but do assume that it will be properly managed. This includes, for example, keeping protected escape routes virtually ‘fire sterile’. Appropriate fire safety design considers the way in which a building will be managed. Any reliance on an unrealistic or unsustainable management regime cannot be considered to have met the requirements of the regulations. Once the building is in use, the management regime should be maintained and a suitable risk assessment undertaken for any variation in that regime. Failure to take proper management responsibility may result in the prosecution of an employer, building owner or occupier under legislation such as the Regulatory Reform (Fire Safety) Order 2005.","The Building Regulations do not impose any requirements on the management of a building, but do assume that it will be properly managed. This includes, for example, keeping protected escape routes virtually ‘fire sterile’. Appropriate fire safety design considers the way in which a building will be managed. Any reliance on an unrealistic or unsustainable management regime cannot be considered to have met the requirements of the regulations. Once the building is in use, the management regime should be maintained and a suitable risk assessment undertaken for any variation in that regime. Failure to take proper management responsibility may result in the prosecution of an employer, building owner or occupier under legislation such as the Regulatory Reform (Fire Safety) Order 2005.",,
0.7,0.7,unchanged,1.0,exact_number+difflib,"The Building Regulations are intended to ensure a reasonable standard of life safety in a fire. The protection of property, including the building itself, often requires additional measures. Insurers usually set higher standards before accepting the insurance risk. Many insurers use the RISCAuthority Design Guide for the Fire Protection of Buildings by the Fire Protection Association (FPA) as a basis for providing guidance to the building designer on what they require. Further information on the protection of property can be obtained from the FPA website: www.thefpa.co.uk.","The Building Regulations are intended to ensure a reasonable standard of life safety in a fire. The protection of property, including the building itself, often requires additional measures. Insurers usually set higher standards before accepting the insurance risk. Many insurers use the RISCAuthority Design Guide for the Fire Protection of Buildings by the Fire Protection Association (FPA) as a basis for providing guidance to the building designer on what they require. Further information on the protection of property can be obtained from the FPA website: www.thefpa.co.uk.",,
0.8,0.8,unchanged,1.0,exact_number+difflib,"The fire safety aspects of the Building Regulations aim to achieve reasonable standards of health and safety for people in and around buildings. People, regardless of ability, age or gender, should be able to access buildings and use their facilities. The fire safety measures incorporated into a building should take account of the needs of everyone who may access the building, both as visitors and as people who live or work in it. It is not appropriate, except in exceptional circumstances, to assume that certain groups of people will be excluded from a building because of its use. The provisions in this approved document are considered to be of a reasonable standard for most buildings. However, some people’s specific needs might not be addressed. In some situations, additional measures may be needed to accommodate these needs. This should be done on a case- by-case basis.","The fire safety aspects of the Building Regulations aim to achieve reasonable standards of health and safety for people in and around buildings. People, regardless of ability, age or gender, should be able to access buildings and use their facilities. The fire safety measures incorporated into a building should take account of the needs of everyone who may access the building, both as visitors and as people who live or work in it. It is not appropriate, except in exceptional circumstances, to assume that certain groups of people will be excluded from a building because of its use. The provisions in this approved document are considered to be of a reasonable standard for most buildings. However, some people’s specific needs might not be addressed. In some situations, additional measures may be needed to accommodate these needs. This should be done on a case- by-case basis.",,
0.9,0.9,unchanged,1.0,exact_number+difflib,"The fire safety requirements of the Building Regulations will probably be satisfied by following the relevant guidance in this approved document. However, approved documents provide guidance for some common building situations, and there may be alternative methods of complying with the Building Regulation requirements. If alternative methods are adopted, the overall level of safety should not be lower than the approved document provides. It is the responsibility of those undertaking the work to demonstrate compliance. If other standards or guidance documents are adopted, the relevant fire safety recommendations in those publications should be followed in their entirety. However, in some circumstances it may be necessary to use one publication to supplement another. Care must be taken when using supplementary guidance to ensure that an integrated approach is used in any one building. Guidance documents intended specifically for assessing fire safety in existing buildings often include less onerous provisions than those for new buildings and are therefore unlikely to be appropriate for building work that is controlled by the Building Regulations. Buildings for industrial and commercial activities that present a special fire hazard, e.g. those that sell fuels, may require additional fire precautions to those in this approved document.","The fire safety requirements of the Building Regulations will probably be satisfied by following the relevant guidance in this approved document. However, approved documents provide guidance for some common building situations, and there may be alternative methods of complying with the Building Regulation requirements. If alternative methods are adopted, the overall level of safety should not be lower than the approved document provides. It is the responsibility of those undertaking the work to demonstrate compliance. If other standards or guidance documents are adopted, the relevant fire safety recommendations in those publications should be followed in their entirety. However, in some circumstances it may be necessary to use one publication to supplement another. Care must be taken when using supplementary guidance to ensure that an integrated approach is used in any one building. Guidance documents intended specifically for assessing fire safety in existing buildings often include less onerous provisions than those for new buildings and are therefore unlikely to be appropriate for building work that is controlled by the Building Regulations. Buildings for industrial and commercial activities that present a special fire hazard, e.g. those that sell fuels, may require additional fire precautions to those in this approved document.",,
0.10,0.10,unchanged,1.0,exact_number+difflib,"Where Part B applies to existing buildings, particularly buildings of special architectural or historic interest for which the guidance in this document might prove too restrictive, some variation of the provisions in this document may be appropriate. In such cases, it is appropriate to assess the hazard and risk in the particular case and consider a range of fire safety features in that context.","Where Part B applies to existing buildings, particularly buildings of special architectural or historic interest for which the guidance in this document might prove too restrictive, some variation of the provisions in this document may be appropriate. In such cases, it is appropriate to assess the hazard and risk in the particular case and consider a range of fire safety features in that context.",,
0.11,0.11,unchanged,1.0,exact_number+difflib,"While many of the provisions in this approved document for means of escape from flats are applicable to sheltered housing, the nature of the occupancy may necessitate some additional fire protection measures. The extent of such measures will depend on the form of the development. For example, a group of specially adapted bungalows or two storey flats, with few communal facilities, will not need to be treated differently from other single storey or two storey dwellinghouses or flats.","While many of the provisions in this approved document for means of escape from flats are applicable to sheltered housing, the nature of the occupancy may necessitate some additional fire protection measures. The extent of such measures will depend on the form of the development. For example, a group of specially adapted bungalows or two storey flats, with few communal facilities, will not need to be treated differently from other single storey or two storey dwellinghouses or flats.",,
0.12,0.12,unchanged,1.0,exact_number+difflib,Fire safety engineering might provide an alternative approach to fire safety. Fire safety engineering may be the only practical way to achieve a satisfactory standard of fire safety in some complex buildings and in buildings that contain different uses. Fire safety engineering may also be suitable for solving a specific problem with a design that otherwise follows the provisions in this document.,Fire safety engineering might provide an alternative approach to fire safety. Fire safety engineering may be the only practical way to achieve a satisfactory standard of fire safety in some complex buildings and in buildings that contain different uses. Fire safety engineering may also be suitable for solving a specific problem with a design that otherwise follows the provisions in this document.,,
0.15,0.15,unchanged,1.0,exact_number+difflib,"Where a building or compartment has more than one use, it is appropriate to assign each different use to its own purpose group in the following situations. a. If the ancillary use is a flat. b. If both of the following apply. i. The building or compartment has an area of more than 280m2. ii. The ancillary use relates to an area that is more than one-fifth of the total floor area of the building or compartment. c. In ‘shop and commercial’ (purpose group 4) buildings or compartments, if the ancillary use is storage and both of the following apply. i. The building or compartment has an area of more than 280m2. ii. The storage area comprises more than one-third of the total floor area of the building or compartment.","Where a building or compartment has more than one use, it is appropriate to assign each different use to its own purpose group in the following situations. a. If the ancillary use is a flat. b. If both of the following apply. i. The building or compartment has an area of more than 280m2. ii. The ancillary use relates to an area that is more than one-fifth of the total floor area of the building or compartment. c. In ‘shop and commercial’ (purpose group 4) buildings or compartments, if the ancillary use is storage and both of the following apply. i. The building or compartment has an area of more than 280m2. ii. The storage area comprises more than one-third of the total floor area of the building or compartment.",,
0.18,0.18,unchanged,1.0,exact_number+difflib,This approved document includes reference to selected guidance for buildings other than consulted in addition to the guidance contained in this approved document.,This approved document includes reference to selected guidance for buildings other than consulted in addition to the guidance contained in this approved document.,,
0.19,0.19,unchanged,1.0,exact_number+difflib,"Where a complex mix of uses exists, the effect that one use may have on another in terms of risk should be considered. It could be necessary to use guidance from both volumes, apply other guidance (such as from HTM 05-02 or Building Bulletin 100), and/or apply special measures to reduce the risk.","Where a complex mix of uses exists, the effect that one use may have on another in terms of risk should be considered. It could be necessary to use guidance from both volumes, apply other guidance (such as from HTM 05-02 or Building Bulletin 100), and/or apply special measures to reduce the risk.",,
1.1,1.1,unchanged,1.0,exact_number+difflib,"All dwellings should have a fire detection and alarm system, minimum Grade D2 Category LD3 standard, in accordance with the relevant recommendations of BS 5839-6. A higher standard of protection should be considered where occupants of a proposed dwelling would be at special risk from fire. Further advice on this is also given in BS 5839-6.","All dwellings should have a fire detection and alarm system, minimum Grade D2 Category LD3 standard, in accordance with the relevant recommendations of BS 5839-6. A higher standard of protection should be considered where occupants of a proposed dwelling would be at special risk from fire. Further advice on this is also given in BS 5839-6.",,
1.2,1.2,unchanged,1.0,exact_number+difflib,Smoke alarms should be mains operated and conform to BS EN 14604.,Smoke alarms should be mains operated and conform to BS EN 14604.,,
1.3,1.3,unchanged,1.0,exact_number+difflib,Heat alarms should be mains operated and conform to BS 5446-2.,Heat alarms should be mains operated and conform to BS 5446-2.,,
1.4,1.4,unchanged,1.0,exact_number+difflib,"Smoke and heat alarms should have a standby power supply, such as a battery (rechargeable or non-rechargeable) or capacitor. More information on power supplies is given in clause 15 of BS 5839-6. NOTE: The term ‘fire alarm system’ describes the combination of components for giving an audible and/or other perceptible warning of fire. NOTE: In this document, the term ‘fire detection system’ describes any type of automatic sensor network and associated control and indicating equipment. Sensors may be sensitive to smoke, heat, gaseous combustion products or radiation. Automatic sprinkler systems can also be used to operate a fire alarm system.","Smoke and heat alarms should have a standby power supply, such as a battery (rechargeable or non-rechargeable) or capacitor. More information on power supplies is given in clause 15 of BS 5839-6. NOTE: The term ‘fire alarm system’ describes the combination of components for giving an audible and/or other perceptible warning of fire. NOTE: In this document, the term ‘fire detection system’ describes any type of automatic sensor network and associated control and indicating equipment. Sensors may be sensitive to smoke, heat, gaseous combustion products or radiation. Automatic sprinkler systems can also be used to operate a fire alarm system.",,
1.5,1.5,unchanged,1.0,exact_number+difflib,"A large dwellinghouse has more than one storey, and at least one storey exceeds 200m2.","A large dwellinghouse has more than one storey, and at least one storey exceeds 200m2.",,
1.6,1.6,unchanged,1.0,exact_number+difflib,"A large dwellinghouse of two storeys (excluding basement storeys) should be fitted with a Grade A Category LD3 fire detection and alarm system, as described in BS 5839-6.","A large dwellinghouse of two storeys (excluding basement storeys) should be fitted with a Grade A Category LD3 fire detection and alarm system, as described in BS 5839-6.",,
1.7,1.7,unchanged,1.0,exact_number+difflib,A large dwellinghouse of three or more storeys (excluding basement storeys) should be fitted with a Grade A Category LD2 fire detection and alarm system as described in BS 5839-6.,A large dwellinghouse of three or more storeys (excluding basement storeys) should be fitted with a Grade A Category LD2 fire detection and alarm system as described in BS 5839-6.,,
1.8,1.8,unchanged,1.0,exact_number+difflib,"Where new habitable rooms are provided, a fire detection and alarm system should be installed where either of the following applies. a. The room is provided above or below the ground storey. b. The room is provided at the ground storey, without a final exit.","Where new habitable rooms are provided, a fire detection and alarm system should be installed where either of the following applies. a. The room is provided above or below the ground storey. b. The room is provided at the ground storey, without a final exit.",,
1.9,1.9,unchanged,1.0,exact_number+difflib,Smoke alarms should be provided in the circulation spaces of the dwelling in accordance with paragraphs 1.1 to 1.4. NOTE: This does not apply where inner rooms are provided (see paragraph 2.11 for inner room requirements).,Smoke alarms should be provided in the circulation spaces of the dwelling in accordance with paragraphs 1.1 to 1.4. NOTE: This does not apply where inner rooms are provided (see paragraph 2.11 for inner room requirements).,,
1.10,1.10,unchanged,1.0,exact_number+difflib,"Each flat in a block should have alarms as set out in paragraphs 1.1 to 1.4. With effective compartmentation, a communal fire alarm system is not normally needed. In some buildings, detectors in common parts of the building may need to operate smoke control or other fire protection systems but do not usually sound an audible warning.","Each flat in a block should have alarms as set out in paragraphs 1.1 to 1.4. With effective compartmentation, a communal fire alarm system is not normally needed. In some buildings, detectors in common parts of the building may need to operate smoke control or other fire protection systems but do not usually sound an audible warning.",,
1.11,1.11,unchanged,1.0,exact_number+difflib,"In student residences that are designed and occupied as a block of flats, separate automatic detection should be provided in each self-contained flat where all of the following apply. a. A group of up to six students shares the flat. b. Each flat has its own entrance door. c. The compartmentation principles for flats in Section 7 have been followed. Where a total evacuation strategy is adopted, the alarm system should follow the guidance for","In student residences that are designed and occupied as a block of flats, separate automatic detection should be provided in each self-contained flat where all of the following apply. a. A group of up to six students shares the flat. b. Each flat has its own entrance door. c. The compartmentation principles for flats in Section 7 have been followed. Where a total evacuation strategy is adopted, the alarm system should follow the guidance for",,
1.12,1.12,unchanged,1.0,exact_number+difflib,The fire detection and alarm systems in flats should connect to a central monitoring point or alarm receiving centre. The systems should alert the warden or supervisor and identify the individual flat where a fire has been detected.,The fire detection and alarm systems in flats should connect to a central monitoring point or alarm receiving centre. The systems should alert the warden or supervisor and identify the individual flat where a fire has been detected.,,
1.13,1.13,unchanged,1.0,exact_number+difflib,"These provisions do not apply to the following. a. The common parts of a sheltered housing development, such as communal lounges. b. Sheltered accommodation in the 'residential (institutional)' or 'residential (other)' purpose groups (purpose group 2(a) or 2(b)). In these parts, means of warning should follow the guidance for buildings other than dwellings in","These provisions do not apply to the following. a. The common parts of a sheltered housing development, such as communal lounges. b. Sheltered accommodation in the 'residential (institutional)' or 'residential (other)' purpose groups (purpose group 2(a) or 2(b)). In these parts, means of warning should follow the guidance for buildings other than dwellings in",,
1.14,1.14,unchanged,1.0,exact_number+difflib,"Fire detection and alarm systems must be properly designed, installed and maintained. A design, installation and commissioning certificate should be provided for fire detection and alarm systems. Third party certification schemes for fire protection products and related services are an effective means of providing assurances of quality, reliability and safety.","Fire detection and alarm systems must be properly designed, installed and maintained. A design, installation and commissioning certificate should be provided for fire detection and alarm systems. Third party certification schemes for fire protection products and related services are an effective means of providing assurances of quality, reliability and safety.",,
1.15,1.15,unchanged,1.0,exact_number+difflib,"Fire detection and alarm systems sometimes trigger other systems. The interface between systems must be reliable. Particular care should be taken if the interface is facilitated via another system. Where any part of BS 7273 applies to the triggering of other systems, the recommendations of that part of BS 7273 should be followed.","Fire detection and alarm systems sometimes trigger other systems. The interface between systems must be reliable. Particular care should be taken if the interface is facilitated via another system. Where any part of BS 7273 applies to the triggering of other systems, the recommendations of that part of BS 7273 should be followed.",,
2.1,2.1,unchanged,1.0,exact_number+difflib,"See Diagram 2.1a. All habitable rooms (excluding kitchens) should have either of the following. a. An opening directly onto a hall leading to a final exit. b. An emergency escape window or door, as described in paragraph 2.10.","See Diagram 2.1a. All habitable rooms (excluding kitchens) should have either of the following. a. An opening directly onto a hall leading to a final exit. b. An emergency escape window or door, as described in paragraph 2.10.",,
2.2,2.2,unchanged,1.0,exact_number+difflib,"See Diagram 2.1b. Where served by only one stair, all habitable rooms (excluding kitchens) should have either of the following. a. An emergency escape window or external door, as described in paragraph 2.10. b. Direct access to a protected stairway, as described in paragraph 2.5a.","See Diagram 2.1b. Where served by only one stair, all habitable rooms (excluding kitchens) should have either of the following. a. An emergency escape window or external door, as described in paragraph 2.10. b. Direct access to a protected stairway, as described in paragraph 2.5a.",,
2.3,2.3,unchanged,1.0,exact_number+difflib,Two rooms may be served by a single window. A door between the rooms should provide access to the window without passing through the stair enclosure. Both rooms should have their own access to the internal stair.,Two rooms may be served by a single window. A door between the rooms should provide access to the window without passing through the stair enclosure. Both rooms should have their own access to the internal stair.,,
2.4,2.4,unchanged,1.0,exact_number+difflib,"Dwellinghouses with one internal stair should comply with paragraphs 2.5 and 2.6. In dwellinghouses with more than one stair, the stairs should provide effective alternative means of escape. The stairs should be physically separated by either of the following. a. Fire resisting construction (minimum REI 30). b. More than one room.","Dwellinghouses with one internal stair should comply with paragraphs 2.5 and 2.6. In dwellinghouses with more than one stair, the stairs should provide effective alternative means of escape. The stairs should be physically separated by either of the following. a. Fire resisting construction (minimum REI 30). b. More than one room.",,
2.6,2.6,unchanged,1.0,exact_number+difflib,"See Diagram 2.1d. In addition to meeting the provisions in paragraph 2.5, the dwellinghouse should comply with either of the following. a. Provide an alternative escape route from each storey more than 7.5m above ground level. At the first storey above 7.5m, the protected stairway should be separated from the lower storeys by fire resisting construction (minimum REI 30) if the alternative escape route is accessed via either of the following. i. The protected stairway to an upper storey. ii. A landing within the protected stairway enclosure to an alternative escape route on the same storey. The protected stairway at or about 7.5m above ground level should be separated from the lower storeys or levels by fire resisting construction (see Diagram 2.4). b. Provide a sprinkler system throughout, designed and installed in accordance with BS 9251.","See Diagram 2.1d. In addition to meeting the provisions in paragraph 2.5, the dwellinghouse should comply with either of the following. a. Provide an alternative escape route from each storey more than 7.5m above ground level. At the first storey above 7.5m, the protected stairway should be separated from the lower storeys by fire resisting construction (minimum REI 30) if the alternative escape route is accessed via either of the following. i. The protected stairway to an upper storey. ii. A landing within the protected stairway enclosure to an alternative escape route on the same storey. The protected stairway at or about 7.5m above ground level should be separated from the lower storeys or levels by fire resisting construction (see Diagram 2.4). b. Provide a sprinkler system throughout, designed and installed in accordance with BS 9251.",,
2.7,2.7,unchanged,1.0,exact_number+difflib,"A passenger lift serving any storey more than 4.5m above ground level should be in either of the following. a. The enclosure to the protected stairway, as described in paragraph 2.5. b. A fire resisting lift shaft (minimum REI 30).","A passenger lift serving any storey more than 4.5m above ground level should be in either of the following. a. The enclosure to the protected stairway, as described in paragraph 2.5. b. A fire resisting lift shaft (minimum REI 30).",,
2.8,2.8,unchanged,1.0,exact_number+difflib,Air circulation systems which circulate air within an individual dwellinghouse with a floor more than 4.5m above ground level should meet the guidance given in paragraph 2.9.,Air circulation systems which circulate air within an individual dwellinghouse with a floor more than 4.5m above ground level should meet the guidance given in paragraph 2.9.,,
2.9,2.9,unchanged,1.0,exact_number+difflib,"All of the following precautions should be taken to avoid the spread of smoke and fire to the protected stairway. a. Transfer grilles should not be fitted in any wall, door, floor or ceiling of the stair enclosure. b. Any duct passing through the stair enclosure should be rigid steel. Joints between the ductwork and stair enclosure should be fire-stopped. c. Ventilation ducts supplying or extracting air directly to or from a protected stairway should not serve other areas as well. d. Any system of mechanical ventilation which recirculates air and which serves both the stair and other areas should be designed to shut down on the detection of smoke within the system. e. For ducted warm air heating systems, a room thermostat should be sited in the living room. It should be mounted at a height between 1370mm and 1830mm above the floor. The maximum setting should be 27°C. NOTE: Ventilation ducts passing through compartment walls should comply with the guidance in Section 9.","All of the following precautions should be taken to avoid the spread of smoke and fire to the protected stairway. a. Transfer grilles should not be fitted in any wall, door, floor or ceiling of the stair enclosure. b. Any duct passing through the stair enclosure should be rigid steel. Joints between the ductwork and stair enclosure should be fire-stopped. c. Ventilation ducts supplying or extracting air directly to or from a protected stairway should not serve other areas as well. d. Any system of mechanical ventilation which recirculates air and which serves both the stair and other areas should be designed to shut down on the detection of smoke within the system. e. For ducted warm air heating systems, a room thermostat should be sited in the living room. It should be mounted at a height between 1370mm and 1830mm above the floor. The maximum setting should be 27°C. NOTE: Ventilation ducts passing through compartment walls should comply with the guidance in Section 9.",,
2.10,2.10,unchanged,1.0,exact_number+difflib,Windows or external doors providing emergency escape should comply with all of the following. a. Windows should have an unobstructed openable area that complies with all of the following. i. A minimum area of 0.33m2. window may be at an angle rather than straight through). iii. The bottom of the openable area is a maximum of 1100mm above the floor. b. People escaping should be able to reach a place free from danger from fire. Courtyards or inaccessible back gardens should comply with Diagram 2.5. c. Locks (with or without removable keys) and opening stays (with child-resistant release catches) may be fitted to escape windows. d. Windows should be capable of remaining open without being held. dwellinghouse is to an x min. the space should exceed whichever is the greater of the following. ground level (x). b. Where a rear extension is extension (y).,Windows or external doors providing emergency escape should comply with all of the following. a. Windows should have an unobstructed openable area that complies with all of the following. i. A minimum area of 0.33m2. window may be at an angle rather than straight through). iii. The bottom of the openable area is a maximum of 1100mm above the floor. b. People escaping should be able to reach a place free from danger from fire. Courtyards or inaccessible back gardens should comply with Diagram 2.5. c. Locks (with or without removable keys) and opening stays (with child-resistant release catches) may be fitted to escape windows. d. Windows should be capable of remaining open without being held. dwellinghouse is to an x min. the space should exceed whichever is the greater of the following. ground level (x). b. Where a rear extension is extension (y).,,
2.12,2.12,unchanged,1.0,exact_number+difflib,A room accessed only via an inner room (an inner inner room) is acceptable when all of the following apply. a. It complies with paragraph 2.11. b. The access rooms each have a smoke alarm (see Section 1). c. None of the access rooms is a kitchen.,A room accessed only via an inner room (an inner inner room) is acceptable when all of the following apply. a. It complies with paragraph 2.11. b. The access rooms each have a smoke alarm (see Section 1). c. None of the access rooms is a kitchen.,,
2.13,2.13,unchanged,1.0,exact_number+difflib,"Where a flat roof forms part of a means of escape, it should comply with all of the following. a. It should be part of the same building from which escape is being made. b. The route across the roof should lead to a storey exit or external escape route. c. The part of the roof (including its supporting structure) forming the escape route, and any opening within 3m of the escape route, should be of fire resisting construction (minimum REI 30).","Where a flat roof forms part of a means of escape, it should comply with all of the following. a. It should be part of the same building from which escape is being made. b. The route across the roof should lead to a storey exit or external escape route. c. The part of the roof (including its supporting structure) forming the escape route, and any opening within 3m of the escape route, should be of fire resisting construction (minimum REI 30).",,
2.15,2.15,unchanged,1.0,exact_number+difflib,"A gallery should comply with one of the following. a. It should be provided with an alternative exit. b. It should be provided with an emergency escape window, as described in paragraph 2.10, where the gallery floor is a maximum of 4.5m above ground level. c. It should meet all the conditions shown in Diagram 2.6. NOTES: 1. This diagram does not apply where the gallery is provided with one of the following: 7.5 max. i. An alternative escape route floor is not more than 4.5m above ground level). should comply with one of the following conditions: Visible area to 3m max. i. Be enclosed with fire resisting construction be at least 50% ii. Be remote from the stair to the gallery and positioned of floor area in such that they do not prejudice escape from the gallery.","A gallery should comply with one of the following. a. It should be provided with an alternative exit. b. It should be provided with an emergency escape window, as described in paragraph 2.10, where the gallery floor is a maximum of 4.5m above ground level. c. It should meet all the conditions shown in Diagram 2.6. NOTES: 1. This diagram does not apply where the gallery is provided with one of the following: 7.5 max. i. An alternative escape route floor is not more than 4.5m above ground level). should comply with one of the following conditions: Visible area to 3m max. i. Be enclosed with fire resisting construction be at least 50% ii. Be remote from the stair to the gallery and positioned of floor area in such that they do not prejudice escape from the gallery.",,
2.16,2.16,unchanged,1.0,exact_number+difflib,Basement storeys containing habitable rooms should have one of the following. (paragraph 2.10). b. A protected stairway (paragraph 2.5a) leading from the basement to a final exit.,Basement storeys containing habitable rooms should have one of the following. (paragraph 2.10). b. A protected stairway (paragraph 2.5a) leading from the basement to a final exit.,,
2.17,2.17,unchanged,1.0,exact_number+difflib,"Any external escape stair should meet all of the following conditions (Diagram 2.7). a. Doors to the stair should be fire resisting (minimum E 30), except for a single exit door from the building to the top landing of a downward-leading external stair. b. Fire resisting construction (minimum RE 30) is required for the building envelope within the following zones, measured from the flights and landings of the external stair. i. 1800mm horizontally. ii. 9m vertically below. iii. 1100mm above the top landing of the stair (except where the stair leads from basement to ground level). c. Fire resisting construction (minimum RE 30) should be provided for any part of the building (including doors) within 1800mm of the escape route from the foot of the stair to a place of safety. This does not apply if there are alternative escape routes from the foot of the external escape stair. d. Stairs more than 6m in height should be protected from adverse weather. Protection should prevent the build-up of snow or ice but does not require full enclosure. e. Glazing in areas of fire resisting construction should be fixed shut and fire resisting (in terms of integrity, but not insulation) (minimum E 30). 6m max.","Any external escape stair should meet all of the following conditions (Diagram 2.7). a. Doors to the stair should be fire resisting (minimum E 30), except for a single exit door from the building to the top landing of a downward-leading external stair. b. Fire resisting construction (minimum RE 30) is required for the building envelope within the following zones, measured from the flights and landings of the external stair. i. 1800mm horizontally. ii. 9m vertically below. iii. 1100mm above the top landing of the stair (except where the stair leads from basement to ground level). c. Fire resisting construction (minimum RE 30) should be provided for any part of the building (including doors) within 1800mm of the escape route from the foot of the stair to a place of safety. This does not apply if there are alternative escape routes from the foot of the external escape stair. d. Stairs more than 6m in height should be protected from adverse weather. Protection should prevent the build-up of snow or ice but does not require full enclosure. e. Glazing in areas of fire resisting construction should be fixed shut and fire resisting (in terms of integrity, but not insulation) (minimum E 30). 6m max.",,
2.19,2.19,unchanged,1.0,exact_number+difflib,"Where an existing window would be an escape window in a new dwellinghouse, and is big enough to be used for escape purposes, then the replacement should comply with one of the following. a. The replacement window should be sized to provide at least the same potential for escape. b. If the existing window was larger than required for escape purposes, the opening can be reduced to the minimum described in paragraph 2.10.","Where an existing window would be an escape window in a new dwellinghouse, and is big enough to be used for escape purposes, then the replacement should comply with one of the following. a. The replacement window should be sized to provide at least the same potential for escape. b. If the existing window was larger than required for escape purposes, the opening can be reduced to the minimum described in paragraph 2.10.",,
2.20,2.20,unchanged,1.0,exact_number+difflib,"If windows are replaced, it may be necessary to provide cavity barriers around the opening in accordance with Section 5.","If windows are replaced, it may be necessary to provide cavity barriers around the opening in accordance with Section 5.",,
2.21,2.21,unchanged,1.0,exact_number+difflib,"Where a new storey is added through conversion to create a storey above 4.5m, both of the following should apply. a. The full extent of the escape route should be addressed. b. Fire resisting doors (minimum E 20) and partitions (minimum REI 30) should be provided, including upgrading the existing doors where necessary. NOTE: Where the layout is open plan, new partitions should be provided to enclose the escape route (Diagram 2.2).","Where a new storey is added through conversion to create a storey above 4.5m, both of the following should apply. a. The full extent of the escape route should be addressed. b. Fire resisting doors (minimum E 20) and partitions (minimum REI 30) should be provided, including upgrading the existing doors where necessary. NOTE: Where the layout is open plan, new partitions should be provided to enclose the escape route (Diagram 2.2).",,
2.22,2.22,unchanged,1.0,exact_number+difflib,"Where it is undesirable to replace existing doors because of historical or architectural merit, the possibility of retaining, and where necessary upgrading, them should be investigated.","Where it is undesirable to replace existing doors because of historical or architectural merit, the possibility of retaining, and where necessary upgrading, them should be investigated.",,
3.1,3.1,unchanged,1.0,exact_number+difflib,"Separate guidance applies to means of escape within the flat and within the common parts of the building that lead to a place of safety. Flats at ground level are treated similarly to dwellinghouses. With increasing height, more complex provisions are needed.","Separate guidance applies to means of escape within the flat and within the common parts of the building that lead to a place of safety. Flats at ground level are treated similarly to dwellinghouses. With increasing height, more complex provisions are needed.",,
3.2,3.2,unchanged,1.0,exact_number+difflib,"The provisions in this section make the following assumptions. a. Any fire is likely to be in a flat. b. There is no reliance on external rescue. c. Simultaneous evacuation of all flats is unlikely to be necessary due to compartmentation. d. Fires in common parts of the building should not spread beyond the fabric in the immediate vicinity. In some cases, however, communal facilities exist that require additional measures to be taken.","The provisions in this section make the following assumptions. a. Any fire is likely to be in a flat. b. There is no reliance on external rescue. c. Simultaneous evacuation of all flats is unlikely to be necessary due to compartmentation. d. Fires in common parts of the building should not spread beyond the fabric in the immediate vicinity. In some cases, however, communal facilities exist that require additional measures to be taken.",,
3.3,3.3,unchanged,1.0,exact_number+difflib,"Provisions are recommended to support a stay put evacuation strategy for blocks of flats. It is based on the principle that a fire is contained in the flat of origin and common escape routes are maintained relatively free from smoke and heat. It allows occupants, some of whom may require assistance to escape in the event of a fire, in other flats that are not affected to remain. Sufficient protection to common means of escape is necessary to allow occupants to escape should they choose to do so or are instructed/aided to by the fire service. A higher standard of protection is therefore needed to ensure common escape routes remain available for a longer period than is provided in other buildings.","Provisions are recommended to support a stay put evacuation strategy for blocks of flats. It is based on the principle that a fire is contained in the flat of origin and common escape routes are maintained relatively free from smoke and heat. It allows occupants, some of whom may require assistance to escape in the event of a fire, in other flats that are not affected to remain. Sufficient protection to common means of escape is necessary to allow occupants to escape should they choose to do so or are instructed/aided to by the fire service. A higher standard of protection is therefore needed to ensure common escape routes remain available for a longer period than is provided in other buildings.",,
3.4,3.4,unchanged,1.0,exact_number+difflib,Paragraphs 3.6 to 3.23 deal with the means of escape within each flat. Paragraphs 3.25 to 3.89 deal with the means of escape in common areas of the building (including mixed use buildings in paragraphs 3.76 and 3.77). Guidance for live/work units is given in paragraph 3.24.,Paragraphs 3.6 to 3.23 deal with the means of escape within each flat. Paragraphs 3.25 to 3.89 deal with the means of escape in common areas of the building (including mixed use buildings in paragraphs 3.76 and 3.77). Guidance for live/work units is given in paragraph 3.24.,,
3.5,3.5,unchanged,1.0,exact_number+difflib,"In mixed use buildings, separate means of escape should be provided from any storeys or parts of storeys used for the ‘residential’ or ‘assembly and recreation’ purpose groups (purpose groups 1, 2 and 5), other than in the case of certain small buildings or buildings in which the residential accommodation is ancillary (see paragraphs 3.76 and 3.77)","In mixed use buildings, separate means of escape should be provided from any storeys or parts of storeys used for the ‘residential’ or ‘assembly and recreation’ purpose groups (purpose groups 1, 2 and 5), other than in the case of certain small buildings or buildings in which the residential accommodation is ancillary (see paragraphs 3.76 and 3.77)",,
3.6,3.6,unchanged,1.0,exact_number+difflib,Windows or external doors providing emergency escape should comply with all of the following. a. Windows should have an unobstructed openable area that complies with all of the following. i. A minimum area of 0.33m2. ii. A minimum height of 450mm and a minimum width of 450mm (the route through the window may be at an angle rather than straight through). iii. The bottom of the openable area is a maximum of 1100mm above the floor. b. People escaping should be able to reach a place free from danger from fire. c. Locks (with or without removable keys) and opening stays (with child-resistant release catches) may be fitted to escape windows. d. Windows should be capable of remaining open without being held.,Windows or external doors providing emergency escape should comply with all of the following. a. Windows should have an unobstructed openable area that complies with all of the following. i. A minimum area of 0.33m2. ii. A minimum height of 450mm and a minimum width of 450mm (the route through the window may be at an angle rather than straight through). iii. The bottom of the openable area is a maximum of 1100mm above the floor. b. People escaping should be able to reach a place free from danger from fire. c. Locks (with or without removable keys) and opening stays (with child-resistant release catches) may be fitted to escape windows. d. Windows should be capable of remaining open without being held.,,
3.7,3.7,unchanged,1.0,exact_number+difflib,"An inner room is permitted when it is one of the following. a. A kitchen. b. A laundry or utility room. c. A dressing room. d. A bathroom, WC or shower room. e. Any room on a storey that is a maximum of 4.5m above ground level which is provided with an emergency escape window as described in paragraph 3.6. f. A gallery that complies with paragraph 3.13.","An inner room is permitted when it is one of the following. a. A kitchen. b. A laundry or utility room. c. A dressing room. d. A bathroom, WC or shower room. e. Any room on a storey that is a maximum of 4.5m above ground level which is provided with an emergency escape window as described in paragraph 3.6. f. A gallery that complies with paragraph 3.13.",,
3.8,3.8,unchanged,1.0,exact_number+difflib,A room accessed only via an inner room (an inner inner room) is acceptable when all of the following apply. a. It complies with paragraph 3.7. b. The access rooms each have a smoke alarm (see Section 1). c. None of the access rooms is a kitchen.,A room accessed only via an inner room (an inner inner room) is acceptable when all of the following apply. a. It complies with paragraph 3.7. b. The access rooms each have a smoke alarm (see Section 1). c. None of the access rooms is a kitchen.,,
3.9,3.9,unchanged,1.0,exact_number+difflib,Basement storeys containing habitable rooms should have one of the following. a. An emergency escape window or external door providing escape from the basement (see paragraph 3.6). b. A protected stairway (minimum REI 30) leading from the basement to a final exit.,Basement storeys containing habitable rooms should have one of the following. a. An emergency escape window or external door providing escape from the basement (see paragraph 3.6). b. A protected stairway (minimum REI 30) leading from the basement to a final exit.,,
3.10,3.10,unchanged,1.0,exact_number+difflib,"Where a flat roof forms part of a means of escape, it should comply with all of the following. a. It should be part of the same building from which escape is being made. b. The route across the roof should lead to a storey exit or external escape route. c. The part of the roof (including its supporting structure) forming the escape route, and any opening within 3m of the escape route, should be of fire resisting construction (minimum REI 30).","Where a flat roof forms part of a means of escape, it should comply with all of the following. a. It should be part of the same building from which escape is being made. b. The route across the roof should lead to a storey exit or external escape route. c. The part of the roof (including its supporting structure) forming the escape route, and any opening within 3m of the escape route, should be of fire resisting construction (minimum REI 30).",,
3.11,3.11,unchanged,1.0,exact_number+difflib,A balcony or flat roof intended to form part of an escape route should be provided with guarding etc. in accordance with Approved Document K.,A balcony or flat roof intended to form part of an escape route should be provided with guarding etc. in accordance with Approved Document K.,,
3.12,3.12,unchanged,1.0,exact_number+difflib,"For flats more than 4.5m above ground level, a balcony outside an alternative exit should be a common balcony meeting the conditions described in paragraph 3.22.","For flats more than 4.5m above ground level, a balcony outside an alternative exit should be a common balcony meeting the conditions described in paragraph 3.22.",,
3.13,3.13,unchanged,1.0,exact_number+difflib,"A gallery should comply with one of the following. a. It should be provided with an alternative exit. b. It should be provided with an emergency escape window, as described in paragraph 3.6, where the gallery floor is a maximum of 4.5m above ground level. c. It should meet the conditions shown in Diagram 3.1. NOTES: 1. This diagram does not apply where the gallery is provided with one of the following: 7.5 max. i. An alternative escape route floor is not more than 4.5m above ground level). should comply with one of the following conditions: Visible area to 3m max. i. Be enclosed with fire resisting construction be at least 50% ii. Be remote from the stair to the gallery and positioned of floor area in such that they do not prejudice escape from the gallery.","A gallery should comply with one of the following. a. It should be provided with an alternative exit. b. It should be provided with an emergency escape window, as described in paragraph 3.6, where the gallery floor is a maximum of 4.5m above ground level. c. It should meet the conditions shown in Diagram 3.1. NOTES: 1. This diagram does not apply where the gallery is provided with one of the following: 7.5 max. i. An alternative escape route floor is not more than 4.5m above ground level). should comply with one of the following conditions: Visible area to 3m max. i. Be enclosed with fire resisting construction be at least 50% ii. Be remote from the stair to the gallery and positioned of floor area in such that they do not prejudice escape from the gallery.",,
3.14,3.14,unchanged,1.0,exact_number+difflib,"The internal arrangement of single storey or multi-storey flats should comply with paragraphs 3.15 to 3.17. Alternatively, the guidance in paragraphs 3.18 to 3.22 may be followed. A flat accessed via the common parts of the building should also comply with the provisions for small single stair buildings in paragraph 3.28 and Diagram 3.9. A protected entrance hall may be required as a result.","The internal arrangement of single storey or multi-storey flats should comply with paragraphs 3.15 to 3.17. Alternatively, the guidance in paragraphs 3.18 to 3.22 may be followed. A flat accessed via the common parts of the building should also comply with the provisions for small single stair buildings in paragraph 3.28 and Diagram 3.9. A protected entrance hall may be required as a result.",,
3.15,3.15,unchanged,1.0,exact_number+difflib,"All habitable rooms (excluding kitchens) should have either of the following. a. An opening directly onto a hall leading to a final exit. b. An emergency escape window or door, as described in paragraph 3.6.","All habitable rooms (excluding kitchens) should have either of the following. a. An opening directly onto a hall leading to a final exit. b. An emergency escape window or door, as described in paragraph 3.6.",,
3.16,3.16,unchanged,1.0,exact_number+difflib,"All habitable rooms (excluding kitchens) should have either of the following. a. An emergency escape window or external door, as described in paragraph 3.6. b. In multi-storey flats, direct access to a protected internal stairway (minimum REI 30) leading to an exit from the flat.","All habitable rooms (excluding kitchens) should have either of the following. a. An emergency escape window or external door, as described in paragraph 3.6. b. In multi-storey flats, direct access to a protected internal stairway (minimum REI 30) leading to an exit from the flat.",,
3.17,3.17,unchanged,1.0,exact_number+difflib,Two rooms may be served by a single escape window. A door between rooms should provide access to the escape window without passing through the stair enclosure. Both rooms should have their own access to the internal stair.,Two rooms may be served by a single escape window. A door between rooms should provide access to the escape window without passing through the stair enclosure. Both rooms should have their own access to the internal stair.,,
3.18,3.18,unchanged,1.0,exact_number+difflib,"One of the following approaches should be adopted, observing the inner room restrictions described in paragraphs 3.7 and 3.8. a. Provide a protected entrance hall (minimum REI 30) serving all habitable rooms that meets the conditions shown in Diagram 3.2. b. Plan the flat to meet the conditions shown in Diagram 3.3, so that both of the following apply. i. The travel distance from the flat entrance door to any point in any habitable room is a maximum of 9m. ii. Cooking facilities are remote from the main entrance door and do not impede the escape route from anywhere in the flat. c. Provide an alternative exit from the flat complying with paragraph 3.22. NOTE: Bathrooms do not need to have fire doorsets provided that the bathroom is from the adjacent rooms. area Kitchen x. max. x.","One of the following approaches should be adopted, observing the inner room restrictions described in paragraphs 3.7 and 3.8. a. Provide a protected entrance hall (minimum REI 30) serving all habitable rooms that meets the conditions shown in Diagram 3.2. b. Plan the flat to meet the conditions shown in Diagram 3.3, so that both of the following apply. i. The travel distance from the flat entrance door to any point in any habitable room is a maximum of 9m. ii. Cooking facilities are remote from the main entrance door and do not impede the escape route from anywhere in the flat. c. Provide an alternative exit from the flat complying with paragraph 3.22. NOTE: Bathrooms do not need to have fire doorsets provided that the bathroom is from the adjacent rooms. area Kitchen x. max. x.",,
3.19,3.19,unchanged,1.0,exact_number+difflib,"Where access from any habitable room to the entrance hall or flat entrance is impossible without passing through another room, all of the following conditions should be met (Diagram 3.4). a. Bedrooms should be separated from living accommodation by fire resisting construction (minimum REI 30) and fire doorsets (minimum E 20). b. The alternative exit should be in the part of the flat that contains the bedrooms. NOTE: The bedrooms are not classified as inner rooms because escape is possible in two directions.","Where access from any habitable room to the entrance hall or flat entrance is impossible without passing through another room, all of the following conditions should be met (Diagram 3.4). a. Bedrooms should be separated from living accommodation by fire resisting construction (minimum REI 30) and fire doorsets (minimum E 20). b. The alternative exit should be in the part of the flat that contains the bedrooms. NOTE: The bedrooms are not classified as inner rooms because escape is possible in two directions.",,
3.20,3.20,unchanged,1.0,exact_number+difflib,"A multi-storey flat with an independent external entrance at ground level is similar to a dwellinghouse and means of escape should be planned on the basis of Section 2, depending on the height of the top storey above ground level.","A multi-storey flat with an independent external entrance at ground level is similar to a dwellinghouse and means of escape should be planned on the basis of Section 2, depending on the height of the top storey above ground level.",,
3.22,3.22,unchanged,1.0,exact_number+difflib,"Any alternative exit from a flat should comply with all of the following. a. It should be remote from the main entrance door to the flat. b. It should lead to a final exit, via a common stair if necessary, through one of the following. i. A door to an access corridor, access lobby or common balcony. ii. An internal private stair leading to an access corridor, access lobby or common balcony at another level. iii. A door to a common stair. iv. A door to an external stair. v. A door to an escape route over a flat roof. Any access route leading to a final exit or common stair should comply with the provisions for means of escape in the common parts of a flat (see paragraph 3.25).","Any alternative exit from a flat should comply with all of the following. a. It should be remote from the main entrance door to the flat. b. It should lead to a final exit, via a common stair if necessary, through one of the following. i. A door to an access corridor, access lobby or common balcony. ii. An internal private stair leading to an access corridor, access lobby or common balcony at another level. iii. A door to a common stair. iv. A door to an external stair. v. A door to an escape route over a flat roof. Any access route leading to a final exit or common stair should comply with the provisions for means of escape in the common parts of a flat (see paragraph 3.25).",,
3.24,3.24,unchanged,1.0,exact_number+difflib,"For flats serving as a workplace for both occupants and people who do not live on the premises, provide both of the following. a. A maximum travel distance of 18m between any part of the working area and either of the following. i. The flat entrance door. ii. An alternative means of escape that is not a window. If the travel distance is over 18m, the assumptions in paragraph 3.2 may not be valid. The design should be considered on a case-by-case basis. b. Escape lighting to windowless accommodation in accordance with BS 5266-1.","For flats serving as a workplace for both occupants and people who do not live on the premises, provide both of the following. a. A maximum travel distance of 18m between any part of the working area and either of the following. i. The flat entrance door. ii. An alternative means of escape that is not a window. If the travel distance is over 18m, the assumptions in paragraph 3.2 may not be valid. The design should be considered on a case-by-case basis. b. Escape lighting to windowless accommodation in accordance with BS 5266-1.",,
3.25,3.25,unchanged,1.0,exact_number+difflib,The following paragraphs deal with means of escape from the entrance doors of flats to a final exit. They do not apply to flats with a top storey that is a maximum of 4.5m above ground level (designed in accordance with paragraphs 3.16 and 3.17). Reference should also be made to the following. a. Requirement B3 regarding compartment walls and protected shafts. b. Requirement B5 regarding access for the fire and rescue service.,The following paragraphs deal with means of escape from the entrance doors of flats to a final exit. They do not apply to flats with a top storey that is a maximum of 4.5m above ground level (designed in accordance with paragraphs 3.16 and 3.17). Reference should also be made to the following. a. Requirement B3 regarding compartment walls and protected shafts. b. Requirement B5 regarding access for the fire and rescue service.,,
3.26,3.26,unchanged,1.0,exact_number+difflib,"A person escaping through the common area, if confronted by the effects of a fire in another flat, should be able to turn away from it and make a safe escape via an alternative route.","A person escaping through the common area, if confronted by the effects of a fire in another flat, should be able to turn away from it and make a safe escape via an alternative route.",,
3.27,3.27,unchanged,1.0,exact_number+difflib,"From the flat entrance door, a single escape route is acceptable in either of the following cases. a. The flat is on a storey served by a single common stair and both of the following apply. i. Every flat is separated from the common stair by a protected lobby or common protected corridor (see Diagram 3.7). ii. The maximum travel distance in Table 3.1, for escape in one direction only, is not exceeded. b. The flat is in a dead end of a common corridor served by two (or more) common stairs and the maximum travel distance given in Table 3.1, for escape in one direction only, is not exceeded (Diagram 3.8). NOTES: 1. If travel distance is measured to a stair lobby, the lobby must not provide direct access to any storage room, flat or other space containing a fire hazard. 2. In the case of a small single stair building in accordance with Diagram 3.9, this is reduced to 4.5m. 3. Does not apply if all flats on a storey have independent alternative means of escape. 4. Sheltered housing may require reduced maximum travel distances. 7.5m max. 7.5m max. b. LOBBY ACCESS FLATS NOTES: 1. The arrangements shown also apply to the top storey. 2. See Diagram 3.9 for small single stair buildings. 3. All doors shown are fire doorsets. 4. Where travel distance is measured to a stair lobby, the lobby must not provide direct access to any storage hazard. Appendix C, Table C1. 7.5m max. Shaded areas indicate zones where ventilation should be 30m max. The central door may be omitted if maximum travel distance is not more than 15m. 7.5m max. 7.5m max. 30m max. NOTES: F F 1. The arrangements shown also apply to the top storey. refer to Appendix C, Table C1. Shaded areas indicate zones where ventilation should be","From the flat entrance door, a single escape route is acceptable in either of the following cases. a. The flat is on a storey served by a single common stair and both of the following apply. i. Every flat is separated from the common stair by a protected lobby or common protected corridor (see Diagram 3.7). ii. The maximum travel distance in Table 3.1, for escape in one direction only, is not exceeded. b. The flat is in a dead end of a common corridor served by two (or more) common stairs and the maximum travel distance given in Table 3.1, for escape in one direction only, is not exceeded (Diagram 3.8). NOTES: 1. If travel distance is measured to a stair lobby, the lobby must not provide direct access to any storage room, flat or other space containing a fire hazard. 2. In the case of a small single stair building in accordance with Diagram 3.9, this is reduced to 4.5m. 3. Does not apply if all flats on a storey have independent alternative means of escape. 4. Sheltered housing may require reduced maximum travel distances. 7.5m max. 7.5m max. b. LOBBY ACCESS FLATS NOTES: 1. The arrangements shown also apply to the top storey. 2. See Diagram 3.9 for small single stair buildings. 3. All doors shown are fire doorsets. 4. Where travel distance is measured to a stair lobby, the lobby must not provide direct access to any storage hazard. Appendix C, Table C1. 7.5m max. Shaded areas indicate zones where ventilation should be 30m max. The central door may be omitted if maximum travel distance is not more than 15m. 7.5m max. 7.5m max. 30m max. NOTES: F F 1. The arrangements shown also apply to the top storey. refer to Appendix C, Table C1. Shaded areas indicate zones where ventilation should be",,
3.28,3.28,unchanged,1.0,exact_number+difflib,"For some low rise buildings, the provisions in paragraphs 3.26 and 3.27 may be modified and the use of a single stair, protected in accordance with Diagram 3.9, may be permitted where all of the following apply. a. The top storey of the building is a maximum of 11m above ground level. b. No more than three storeys are above the ground storey. c. The stair does not connect to a covered car park, unless the car park is open sided (as defined d. The stair does not serve offices, stores or other ancillary accommodation. If it does, they should be separated from the stair by a protected lobby or protected corridor (minimum REI 30) with a minimum 0.4m2 of permanent ventilation, or be protected from the ingress of smoke by a mechanical smoke control system. NOTE: For refuse chutes and storage see paragraphs 3.55 to 3.58. e. Either of the following is provided for the fire and rescue service. i. A high-level openable vent with a free area of at least 1m2 at each storey. ii. A single openable vent with a free area of at least 1m2 at the head of the stair, operable remotely at the fire and rescue service access level. 4.5 m* OV *If smoke control is provided in the lobby, the travel distance can be increased to 7.5m maximum (see Diagram 3.7, example b). NOTES: 1. The arrangements shown also apply to the top storey. 4.5m, Diagram 3.7 applies. the dwelling is omitted in small single stair buildings, an automatic opening vent with a free area of at least 1m2 is required Fd F at the top of the stair, which is operated automatically on detection of smoke at any storey in the stair. b. SMALL SINGLE STAIR BUILDING the corridor to the flat and/or stairway refer to Appendix C, WITH NO MORE THAN TWO FLATS Table C1. The door between stair and lobby should be If the flats have protected entrance halls, the free area); see paragraph 3.28e entrance is not essential. Fd Fire doorset","For some low rise buildings, the provisions in paragraphs 3.26 and 3.27 may be modified and the use of a single stair, protected in accordance with Diagram 3.9, may be permitted where all of the following apply. a. The top storey of the building is a maximum of 11m above ground level. b. No more than three storeys are above the ground storey. c. The stair does not connect to a covered car park, unless the car park is open sided (as defined d. The stair does not serve offices, stores or other ancillary accommodation. If it does, they should be separated from the stair by a protected lobby or protected corridor (minimum REI 30) with a minimum 0.4m2 of permanent ventilation, or be protected from the ingress of smoke by a mechanical smoke control system. NOTE: For refuse chutes and storage see paragraphs 3.55 to 3.58. e. Either of the following is provided for the fire and rescue service. i. A high-level openable vent with a free area of at least 1m2 at each storey. ii. A single openable vent with a free area of at least 1m2 at the head of the stair, operable remotely at the fire and rescue service access level. 4.5 m* OV *If smoke control is provided in the lobby, the travel distance can be increased to 7.5m maximum (see Diagram 3.7, example b). NOTES: 1. The arrangements shown also apply to the top storey. 4.5m, Diagram 3.7 applies. the dwelling is omitted in small single stair buildings, an automatic opening vent with a free area of at least 1m2 is required Fd F at the top of the stair, which is operated automatically on detection of smoke at any storey in the stair. b. SMALL SINGLE STAIR BUILDING the corridor to the flat and/or stairway refer to Appendix C, WITH NO MORE THAN TWO FLATS Table C1. The door between stair and lobby should be If the flats have protected entrance halls, the free area); see paragraph 3.28e entrance is not essential. Fd Fire doorset",,
3.29,3.29,unchanged,1.0,exact_number+difflib,Paragraph 3.27 may be modified using the guidance in clause 7.3 of BS 9991.,Paragraph 3.27 may be modified using the guidance in clause 7.3 of BS 9991.,,
3.30,3.30,unchanged,1.0,exact_number+difflib,"Where a storey or part of a building has multiple escape routes available, one may be over a flat roof that complies with all of the following. a. It should be part of the same building from which escape is being made. b. The route across the roof should lead to a storey exit or external escape route. c. The part of the roof (including its supporting structure) forming the escape route, and any opening within 3m of the escape route, should be of fire resisting construction (minimum REI 30). d. The route should be clearly defined and guarded by walls and/or protective barriers to protect against falling.","Where a storey or part of a building has multiple escape routes available, one may be over a flat roof that complies with all of the following. a. It should be part of the same building from which escape is being made. b. The route across the roof should lead to a storey exit or external escape route. c. The part of the roof (including its supporting structure) forming the escape route, and any opening within 3m of the escape route, should be of fire resisting construction (minimum REI 30). d. The route should be clearly defined and guarded by walls and/or protective barriers to protect against falling.",,
3.31,3.31,unchanged,1.0,exact_number+difflib,The following paragraphs deal with means of escape from the entrance doors of flats to a final exit.,The following paragraphs deal with means of escape from the entrance doors of flats to a final exit.,,
3.32,3.32,unchanged,1.0,exact_number+difflib,Escape route travel distances should comply with Table 3.1.,Escape route travel distances should comply with Table 3.1.,,
3.33,3.33,unchanged,1.0,exact_number+difflib,An escape route should not pass through one stair enclosure to reach another. It may pass through a protected lobby (minimum REI 30) of one stair to reach another.,An escape route should not pass through one stair enclosure to reach another. It may pass through a protected lobby (minimum REI 30) of one stair to reach another.,,
3.34,3.34,unchanged,1.0,exact_number+difflib,"Common corridors should be protected corridors. The wall between each flat and the corridor should be a compartment wall (minimum REI 30 where the top storey is up to 5m above ground level, otherwise REI 60).","Common corridors should be protected corridors. The wall between each flat and the corridor should be a compartment wall (minimum REI 30 where the top storey is up to 5m above ground level, otherwise REI 60).",,
3.35,3.35,unchanged,1.0,exact_number+difflib,Divide a common corridor connecting two or more storey exits with a fire doorset fitted with a self-closing device (minimum E 30 S ). See Diagram 3.8. Associated screens should be fire resisting. Site doors so that smoke does not affect access to more than one stair.,Divide a common corridor connecting two or more storey exits with a fire doorset fitted with a self-closing device (minimum E 30 S ). See Diagram 3.8. Associated screens should be fire resisting. Site doors so that smoke does not affect access to more than one stair.,,
3.36,3.36,unchanged,1.0,exact_number+difflib,"A fire doorset (minimum E 30 S ) fitted with a self-closing device (and fire resisting screen, where required) should separate the dead-end portion of a common corridor from the rest of the corridor (Diagrams 3.7a, 3.8b and 3.8c).","A fire doorset (minimum E 30 S ) fitted with a self-closing device (and fire resisting screen, where required) should separate the dead-end portion of a common corridor from the rest of the corridor (Diagrams 3.7a, 3.8b and 3.8c).",,
3.37,3.37,unchanged,1.0,exact_number+difflib,"Ancillary accommodation should not be located in, or entered from, a protected lobby or protected corridor forming the only common escape route on that storey.","Ancillary accommodation should not be located in, or entered from, a protected lobby or protected corridor forming the only common escape route on that storey.",,
3.38,3.38,unchanged,1.0,exact_number+difflib,Escape routes should have a minimum clear headroom of 2m. The only projections allowed below this height are door frames.,Escape routes should have a minimum clear headroom of 2m. The only projections allowed below this height are door frames.,,
